battery_power,px_height,px_width,ram,price_range
1703,286,1235,1046,0
1445,1273,1345,1441,1
1087,295,589,690,0
671,852,1182,2504,2
1472,710,1052,2677,2
765,1277,1429,2243,2
1642,129,873,2984,2
1265,690,836,1362,1
664,701,1478,3629,3
1277,309,1460,3559,3
1395,213,705,2571,2
1539,1112,1666,2107,2
1049,199,1077,1022,0
1827,55,1020,2844,2
903,1230,1235,711,0
1987,1052,1516,3117,3
1154,541,1499,978,0
1336,55,583,1869,1
1886,809,1958,1179,1
1551,1738,1995,3844,3
850,404,642,593,0
660,262,1178,588,0
1225,759,1404,3836,3
1452,42,1040,2669,2
1686,397,1453,2958,3
1634,964,1677,3031,3
1708,233,517,3388,3
1151,1022,1560,2377,2
1578,411,1226,2458,2
1689,954,1200,2766,3
1488,1528,1647,3054,3
1313,416,1308,3791,3
1715,638,1615,625,0
1442,231,687,2227,1
528,574,637,3256,2
1523,148,1606,707,0
1133,730,1543,1457,1
1718,564,980,3755,3
1330,1290,1441,1733,1
1799,632,1383,720,0
633,529,1009,3560,2
724,1273,1754,2311,2
822,667,860,3846,3
1918,1170,1543,1717,2
1891,169,1108,3704,3
1373,105,673,3800,3
862,793,1758,278,0
1273,490,886,1767,1
957,1201,1485,1846,1
1617,246,1038,829,0
893,417,946,2986,2
1210,1177,1462,2394,2
708,78,654,2169,1
835,323,1604,1181,0
1450,707,1882,575,0
973,457,1816,2977,2
601,356,765,532,0
507,936,1398,1702,1
564,912,1980,1074,0
1559,179,1559,3352,3
754,1914,1928,1027,1
728,526,1529,2039,1
1431,156,952,461,0
767,344,1517,527,0
1722,865,1741,3271,3
1992,1552,1596,606,1
1876,546,1564,2513,3
1054,1097,1222,1675,1
1283,372,692,2698,2
1281,1285,1617,1129,1
1066,1242,1571,468,0
730,302,1247,1210,0
1053,594,1767,3086,3
1611,303,714,1595,1
793,1858,1935,2332,2
1220,403,1933,2589,2
1662,32,1509,3760,3
1281,590,954,1851,1
538,235,662,417,0
823,630,888,294,0
1733,357,527,3576,3
1429,246,820,3945,3
1839,475,1493,927,1
659,1054,1929,2044,1
1953,555,764,2334,2
1172,607,1092,1477,1
612,1360,1891,3161,3
1563,142,1699,3660,3
1191,681,683,1604,1
615,104,1664,2211,1
1893,637,763,3822,3
1563,410,572,3922,3
1995,1830,1963,1203,2
1517,802,1489,2822,3
832,311,1294,447,0
1162,56,997,1652,1
1595,344,655,3608,3
1329,1053,1458,1228,1
928,221,1243,666,0
1656,506,519,1499,1
1937,1728,1767,3321,3
977,63,566,1206,0
768,418,515,952,0
1464,854,1168,3927,3
1177,178,882,311,0
1348,1869,1942,955,1
1956,185,776,1109,1
1751,170,564,2969,2
1530,454,1975,725,0
1997,866,1212,1655,2
1414,44,1118,3490,3
1707,1331,1388,1774,2
894,1285,1462,3615,3
645,741,1130,714,0
1163,520,754,2768,2
1126,114,1726,3739,3
1648,1153,1876,610,1
1170,474,709,715,0
508,39,557,663,0
1097,419,1914,1725,1
728,584,775,834,0
1980,312,1910,3865,3
1504,19,1923,3059,3
1379,207,1370,651,0
1698,363,994,796,0
920,209,1078,785,0
1144,159,724,3252,2
1995,649,1104,1322,1
1430,1132,1182,2832,2
972,1392,1795,1615,1
662,1001,1224,2125,1
1867,712,1442,990,1
1730,418,1023,1595,1
1723,384,1361,1213,1
1882,119,652,2500,2
803,627,935,2801,2
580,1086,1345,3451,3
668,195,1292,1201,0
1391,14,1256,3139,2
1560,745,1364,1938,2
821,253,1786,3185,2
811,333,1429,2111,1
1989,629,682,2369,2
1034,707,1199,3625,3
618,1314,1688,1051,0
654,1715,1898,1036,1
576,513,1438,2938,2
667,13,1463,2855,2
869,1243,1584,2727,2
635,300,1059,2973,2
609,58,1253,2581,1
1557,1107,1442,2690,3
1604,134,939,916,0
1182,275,986,2563,2
848,176,1029,3359,2
1610,1236,1280,941,1
1828,336,898,2280,2
880,1116,1381,827,0
1394,1010,1565,473,0
1960,205,1299,3865,3
809,1453,1726,1274,1
899,788,1331,364,0
1976,1301,1922,3699,3
879,463,1038,2927,2
916,188,992,1470,0
763,1028,1186,1050,0
508,1419,1920,2616,2
825,1471,1866,2915,3
1864,168,981,2686,2
1725,1125,1195,1243,1
1108,130,1706,3264,3
1011,481,749,2261,1
1703,1411,1711,2993,3
1067,79,681,706,0
1334,1187,1974,2542,3
775,561,1510,2523,2
1899,96,814,336,0
930,77,1025,2457,1
1058,493,1247,418,0
1187,1173,1814,3917,3
1874,964,1233,1246,1
1482,634,642,2971,2
1809,639,721,2324,2
864,127,1670,3121,2
625,431,550,3801,2
1880,71,699,3333,3
1138,111,1138,3475,3
560,356,1903,2360,1
1117,798,817,2895,2
1712,747,1126,3652,3
1836,408,1139,3097,3
1036,373,926,2101,1
1860,1362,1506,3918,3
1375,475,726,3869,3
1945,743,1753,732,1
1896,447,794,3684,3
788,42,1161,3969,3
880,30,1350,1414,0
1323,162,619,1892,1
1868,347,660,3131,3
1266,346,1468,2532,2
1042,727,1705,3215,3
1479,180,1476,3323,3
1476,1641,1666,1529,2
1552,269,1026,2403,2
1454,250,1033,3419,3
1007,1186,1529,3648,3
652,77,559,1974,0
1504,507,973,2806,2
1726,379,1223,2239,2
1029,264,956,582,0
1582,1486,1797,3890,3
1478,694,882,1141,1
1178,579,596,2511,2
707,495,574,3838,3
755,315,990,2734,2
912,329,1053,2330,1
651,548,858,2244,1
1483,531,758,1851,1
914,191,1495,808,0
1456,823,1104,1587,1
1178,96,1352,2492,2
1503,841,1304,2122,2
1681,195,1205,1122,0
715,21,562,3709,2
1876,235,585,3021,2
1190,1417,1441,624,0
1755,286,1075,3937,3
1197,649,1629,1797,1
1048,966,1975,1458,1
1887,1172,1798,3348,3
1772,270,545,1834,1
1421,781,1657,2775,3
1464,418,1341,1277,1
728,126,817,457,0
954,228,1058,438,0
685,1091,1203,3210,3
1472,1452,1744,985,1
853,674,740,3701,3
1469,398,1133,1052,0
1310,449,889,1175,0
1654,1184,1719,1070,1
902,675,1285,3411,3
1448,1792,1850,1175,1
1631,177,1905,301,0
1608,1013,1158,489,0
1991,1058,1325,1733,2
1349,592,772,2756,2
1589,810,1743,2612,2
1844,533,882,1724,1
712,558,1208,2190,1
972,681,1050,1900,1
1406,1017,1366,3915,3
1289,765,899,1043,0
932,1176,1224,3817,3
1747,947,1131,2362,2
1172,1314,1884,1107,1
1128,609,1370,2982,3
664,754,1497,2042,1
513,619,867,1343,0
1742,453,681,2610,2
1512,205,884,2335,2
1986,282,1358,1614,1
965,130,998,1138,0
1067,494,1989,604,0
1583,275,862,3652,3
1653,447,1785,3955,3
1433,281,799,258,0
765,6,793,1066,0
1845,292,695,1731,1
752,164,728,3860,3
1948,631,1940,3630,3
1077,897,1304,1965,1
932,268,1078,1459,0
1968,861,1259,2323,2
1122,331,790,3291,2
1588,1064,1594,3272,3
601,509,548,918,0
1615,622,1256,3488,3
1589,957,1911,3961,3
1417,494,1649,590,0
1697,236,1264,3701,3
1330,980,1262,463,0
1476,1789,1972,3644,3
1579,831,1484,1713,1
1277,902,1090,429,0
1089,636,1259,2765,2
1663,831,1439,2084,2
1949,518,592,1125,1
1138,233,1777,2048,2
685,725,870,1223,0
1889,170,1106,3672,3
857,157,948,3100,2
1902,1142,1393,343,0
1225,840,982,1970,1
1066,401,1586,2728,2
1554,395,1579,3635,3
1337,48,644,2180,1
1926,982,1157,2488,2
869,478,539,3864,3
1278,581,750,1155,0
1773,1215,1472,3566,3
1661,594,1337,864,1
1438,683,1663,869,0
1661,536,861,591,0
1846,83,773,1333,1
1260,905,1313,2208,2
512,249,1849,2610,2
581,803,1613,2819,2
1872,459,1259,1955,2
687,584,1151,3416,3
1062,1596,1807,3803,3
1678,418,1763,574,0
1417,364,1029,2129,1
1074,946,952,1948,1
1832,186,654,2978,2
1039,1428,1827,1619,1
1059,1613,1916,3716,3
1606,1127,1924,3454,3
1928,691,1580,3777,3
1875,1802,1942,2712,3
1128,751,1582,1434,1
1748,859,1234,3968,3
1413,187,517,3383,3
825,206,1917,3278,3
1589,1673,1759,3970,3
535,710,939,2674,2
1780,1331,1463,2776,3
1671,263,848,2336,2
1821,97,1803,2430,2
1076,129,915,891,0
532,1213,1354,728,0
777,189,1143,3886,3
1217,628,632,1711,1
1656,320,899,2856,2
1185,837,1642,2447,2
577,1087,1450,814,0
737,781,1463,2951,2
704,251,1013,3653,2
525,262,1587,1891,1
504,767,1665,701,0
793,1226,1815,3139,3
569,389,739,2811,1
1590,920,963,1701,1
707,1027,1508,1853,1
767,271,1000,2445,1
1350,369,544,2287,1
1117,1258,1627,2003,2
641,417,759,3595,2
1002,1345,1416,1726,1
1408,613,1088,3952,3
1900,912,1596,850,1
726,666,760,1446,0
1544,236,857,1300,1
1454,186,1100,719,0
1230,416,676,988,0
1552,430,658,2606,2
1519,168,1239,2912,2
723,1467,1901,2339,2
1191,179,1813,1028,0
1168,159,1578,3173,3
1229,120,1878,1667,1
1758,762,1864,1897,2
1290,600,1109,1214,1
574,286,1171,3269,2
1271,1350,1949,445,0
1170,27,1722,1073,0
1269,1597,1920,665,1
1288,1177,1809,3129,3
1366,402,964,3501,3
1572,577,1237,3461,3
1627,52,1082,3206,3
1701,364,828,3717,3
1900,934,1241,3917,3
1974,250,545,861,0
1197,214,1710,2885,2
587,612,1793,2777,2
934,1111,1463,1017,0
1195,163,1100,980,0
1853,202,1951,2775,3
1164,729,1704,3309,3
1512,1079,1897,3607,3
1232,361,809,1257,0
1813,338,1306,759,0
946,1698,1771,3720,3
739,1052,1536,475,0
704,1108,1509,1122,0
1663,951,1545,1336,1
1966,1197,1987,1185,2
1219,473,1022,705,0
612,1294,1337,3169,2
1658,410,522,3483,3
1263,178,1883,1183,1
1395,782,1787,3373,3
621,434,910,2801,2
652,464,781,565,0
1175,137,1501,3153,2
561,492,1176,3421,2
1137,1250,1285,316,0
1835,385,583,448,0
1170,427,684,2366,1
1595,1024,1838,3881,3
1719,240,904,462,0
1770,886,1552,1480,1
1312,1233,1854,1087,1
1878,183,559,2711,2
1871,88,1682,2144,2
922,1016,1383,1165,0
1975,80,655,2998,2
1212,611,1715,2249,2
1430,569,906,752,0
1958,304,637,1409,1
1836,276,1230,3072,3
557,1131,1315,1305,0
539,551,599,3597,2
880,436,1302,3132,2
1369,553,727,3856,3
1109,1391,1787,1524,1
843,981,1096,3673,3
598,680,1173,3293,2
972,687,816,3035,2
1944,1060,1970,584,1
1225,217,1101,2675,2
644,1140,1654,2382,2
1919,304,1191,1391,1
501,504,1089,2346,1
1620,832,1033,606,0
1227,935,1781,1324,1
1359,446,901,1076,0
1914,942,1701,643,1
1645,897,1308,783,0
1063,1208,1232,3809,3
946,159,630,2104,1
1231,632,1184,1762,1
1397,1308,1991,3137,3
701,1002,1256,1756,1
570,1331,1917,3663,3
1993,150,510,2437,2
955,1248,1511,1432,1
924,108,1813,1620,1
600,320,747,1655,0
518,437,1947,2832,2
1063,295,935,961,0
920,1058,1421,2608,2
1715,79,1652,514,0
1841,593,672,2304,2
543,693,1031,933,0
1762,300,527,1896,1
1112,234,739,3655,3
709,1545,1596,1973,1
1315,59,575,3278,2
1762,1103,1364,2183,2
1462,91,1478,824,0
571,177,1282,2598,1
666,58,1353,1254,0
1994,447,1435,3622,3
1583,942,1651,1704,2
1778,88,516,1624,1
1926,371,1000,3809,3
966,1446,1754,2574,2
568,181,1703,950,0
1897,1311,1935,273,0
1695,1791,1898,446,1
1623,1568,1832,1510,2
914,706,721,1122,0
1721,871,1048,707,0
890,1074,1873,751,0
600,501,1465,3393,2
1677,271,1477,3771,3
723,920,1748,1851,1
638,1171,1383,2735,2
852,293,1159,2253,1
1979,833,1630,452,0
710,485,857,1419,0
1034,182,1293,969,0
600,207,1162,3441,2
1027,1698,1747,3786,3
1260,165,736,2710,2
1793,1086,1418,3533,3
675,192,757,1735,0
658,1156,1750,3587,3
1694,377,549,2298,2
804,709,818,2027,1
1713,729,974,2406,2
706,543,938,2419,1
1362,553,1505,995,0
1527,526,1116,2078,2
768,637,991,1145,0
1314,113,577,626,0
705,1114,1374,1509,1
1403,461,1251,3371,3
1486,1430,1747,297,0
781,304,1674,3508,3
986,471,800,2385,1
1310,806,1016,1301,1
560,80,1327,2167,1
1348,204,501,3914,3
1567,545,1621,2312,2
1940,112,858,2297,2
1979,1331,1532,411,0
561,1055,1294,665,0
1717,609,810,3226,3
535,290,811,740,0
1413,1039,1318,3878,3
1358,1485,1655,3406,3
1519,1122,1702,2440,2
1254,462,1013,3959,3
1591,1384,1883,3703,3
977,1502,1862,3714,3
1640,589,1301,337,0
663,82,1605,3176,2
1744,68,718,1205,1
1624,689,699,2473,2
1108,208,1742,1229,0
1188,1339,1558,2896,3
817,722,766,2039,1
863,717,1799,520,0
1397,433,1658,1378,1
1108,1298,1666,3254,3
1068,186,1998,1803,1
1702,1397,1491,2501,3
808,618,1891,3762,3
1156,1214,1262,1796,1
1271,613,650,990,0
696,649,907,2630,1
1981,193,1234,1380,1
614,22,519,3487,2
1590,1464,1595,1201,1
1945,280,895,3015,3
1135,690,1589,3204,3
1049,39,1564,433,0
1807,337,1384,1906,2
984,1036,1611,898,0
720,1347,1733,2799,3
1536,22,1634,2020,2
771,327,922,770,0
503,778,1291,305,0
675,482,874,2953,2
1936,591,1089,1671,1
1303,229,1604,2574,2
1004,901,1162,3772,3
1972,715,1648,2870,3
1822,172,910,2577,2
1159,681,723,2246,1
1782,867,999,2405,2
894,286,1300,3377,2
1884,451,819,3619,3
1648,1119,1238,1184,1
798,526,643,2965,2
802,1299,1633,3713,3
1276,217,735,3798,3
1331,1109,1226,1026,1
1620,434,1339,1086,1
1996,671,1445,2236,2
1092,1404,1424,1303,1
1018,856,883,3048,2
545,381,1452,616,0
554,85,806,3764,2
1264,562,849,419,0
1030,1111,1812,2858,3
1432,209,947,504,0
558,997,1605,392,0
829,91,1916,820,0
1741,730,1895,3387,3
1849,606,1123,3447,3
733,445,1409,1403,0
1872,286,1484,2295,2
1853,985,1005,1973,2
1149,1617,1675,3755,3
891,375,1724,2073,1
1911,1795,1958,3872,3
550,486,1930,302,0
576,757,1518,1519,1
1760,273,1704,2549,2
969,491,589,404,0
1160,762,859,595,0
827,448,821,1663,0
1786,231,1671,2764,3
774,1713,1865,2614,2
819,438,822,1094,0
1042,68,1018,2826,2
1368,698,829,2496,2
1592,510,522,2103,1
1067,965,1009,966,0
1892,1399,1564,2172,2
915,532,1448,905,0
774,8,896,3916,3
1848,154,605,3902,3
1501,198,1056,2487,2
1614,860,1330,3914,3
911,461,670,363,0
1520,109,1909,3233,3
1647,193,1185,2532,2
1347,961,1008,3836,3
967,243,1642,3076,2
1442,1626,1668,1513,2
1204,480,1482,1724,1
1320,123,1229,542,0
1800,400,823,3481,3
1567,190,1326,3991,3
1439,626,932,1790,1
1422,1,926,509,0
1591,548,1641,282,0
880,632,660,3006,2
1929,349,1051,1913,1
1642,1686,1889,1333,2
1511,1455,1982,3746,3
1312,95,893,3941,3
1852,580,1163,3970,3
972,297,589,3925,3
691,951,962,424,0
807,667,697,1284,0
1113,1047,1312,277,0
721,408,1862,1713,1
1188,1150,1469,485,0
1512,333,952,3002,2
805,641,704,418,0
918,653,671,1652,1
1320,103,1583,2893,2
1236,517,809,1406,0
1387,785,1151,629,0
1883,531,791,3724,3
839,564,1391,3835,3
1593,761,1336,1354,1
1722,1179,1638,2376,3
1954,673,690,3438,3
1788,472,1073,2655,2
1628,412,643,3361,3
1965,977,1660,3535,3
833,359,1395,2150,1
571,224,783,2587,1
1808,714,1208,2736,3
1860,195,799,676,0
1368,843,1145,2941,3
1161,308,1169,3336,3
1224,522,563,3796,3
902,364,1360,3654,3
787,806,1423,2934,2
854,518,1152,2889,2
1184,519,1577,3315,3
1973,792,1181,1993,2
510,382,1228,2509,1
966,214,1523,3534,3
1438,859,867,2246,2
1986,342,774,3165,3
1907,713,1513,286,0
1489,172,812,776,0
1843,118,580,3213,3
825,540,783,716,0
1286,18,662,424,0
840,987,1081,3486,3
757,535,697,3237,2
814,1092,1406,1944,1
1195,327,1001,643,0
767,517,1995,2317,2
1068,994,1500,1436,1
994,491,530,3190,2
1550,268,832,2338,2
1878,210,1026,1334,1
623,144,672,3657,2
1829,729,1267,2080,2
525,82,670,1609,0
1065,188,928,3078,2
1425,150,1897,590,0
1296,1222,1382,2552,2
642,331,1011,3355,2
1664,1178,1929,1968,2
1498,347,1076,3358,3
981,75,688,1539,0
1236,492,1403,942,0
1673,65,734,3669,3
712,881,1234,3612,3
569,351,1159,2351,1
603,1842,1968,604,0
1332,758,1165,1285,1
1413,1323,1481,515,0
1064,1175,1569,654,0
1444,1092,1554,2540,3
1366,647,1876,3869,3
906,1102,1793,3412,3
1554,319,1367,509,0
1187,215,1125,2547,2
1156,945,1913,2735,2
1918,381,1203,1369,1
841,546,828,2942,2
730,1096,1155,2812,2
878,575,618,3497,2
1059,519,1545,619,0
1578,342,670,3483,3
1829,291,563,1475,1
1132,1091,1293,1950,1
1652,352,1084,3592,3
912,165,1723,3573,3
1181,385,831,2020,1
1497,1920,1933,1329,2
1790,396,1980,3568,3
1742,1134,1469,1947,2
1549,721,1514,1998,2
1372,687,937,725,0
1112,777,1119,3302,3
1005,176,1556,3884,3
783,458,1263,1185,0
1698,485,1819,1656,2
899,641,1638,2870,2
1062,798,1435,911,0
989,256,1394,3892,3
1983,370,1197,3897,3
1800,191,1108,656,0
1254,1571,1956,606,1
868,276,1026,1653,1
1205,573,614,860,0
1284,160,516,2197,1
626,90,1334,3458,2
1763,138,806,2066,1
694,983,1230,3676,3
1265,275,687,1518,1
816,149,558,1018,0
904,42,507,1360,0
979,793,1670,3449,3
1531,625,765,2524,2
934,521,1190,703,0
1624,1530,1744,1251,1
874,442,1248,582,0
1027,152,714,1732,1
1966,1242,1973,1252,2
1048,29,1670,2146,1
1496,501,506,1927,1
959,87,736,3328,2
1349,648,1019,2462,2
1689,521,674,1172,0
1558,120,1409,3598,3
582,985,1420,2437,2
1485,341,774,3271,3
1991,751,1377,1511,1
553,993,1517,2981,2
1231,43,1663,3119,3
805,1262,1538,3647,3
764,361,511,3148,2
894,104,541,2829,2
1589,618,940,2373,2
1456,815,1666,3998,3
743,1587,1659,316,0
1061,138,1330,999,0
1428,584,983,1808,1
674,750,772,589,0
832,820,1366,3317,3
1625,8,1219,670,0
907,171,507,584,0
1631,960,1735,2173,2
1584,160,1291,1561,1
1382,612,719,2073,1
633,709,1915,1401,1
1444,624,917,3764,3
852,538,730,1275,0
922,1295,1808,1464,1
1745,1164,1908,2885,3
862,829,1977,3458,3
1754,199,1452,3019,3
1008,825,1972,1083,1
1569,519,930,3538,3
1596,169,1190,2493,2
1807,1734,1968,3726,3
1660,76,1165,1531,1
1861,1698,1877,601,1
648,819,1997,2991,2
1379,387,671,3912,3
1910,985,1284,309,0
1807,970,974,323,0
1923,767,1759,1489,1
1345,512,1465,1322,1
904,56,760,1846,1
1239,590,661,417,0
1330,462,1304,3269,3
516,126,698,3731,2
672,578,1143,667,0
892,655,1782,1241,1
1778,1028,1445,3941,3
1130,88,1261,1018,0
1359,1692,1902,3142,3
1866,358,1782,1444,1
1597,64,1667,934,0
1046,259,1040,3863,3
1035,236,1960,3506,3
1175,873,1394,1944,1
1261,858,1591,348,0
1068,1405,1910,550,0
1713,237,890,971,0
1688,650,864,3984,3
1413,1949,1994,2973,3
559,541,823,2019,1
1483,361,1552,1587,1
860,335,1463,1870,1
1090,1638,1910,1352,1
686,1109,1392,570,0
818,111,510,546,0
1456,1285,1427,3624,3
774,1480,1731,2944,2
1068,322,875,1209,0
1373,1220,1348,2752,3
1777,511,616,3868,3
594,1011,1263,3087,2
1524,629,635,947,0
511,140,622,1484,0
1402,1081,1767,347,0
965,297,653,3227,2
1270,1512,1716,3299,3
919,275,570,1028,0
1963,1136,1813,714,1
1977,1145,1356,2641,3
1881,477,1553,1229,1
683,954,1985,2622,2
772,741,1471,929,0
536,547,705,1211,0
1694,1194,1208,1653,2
1633,146,906,511,0
1371,471,663,3034,2
551,169,1916,1414,0
1221,1895,1976,2438,3
1000,1537,1761,3744,3
1986,236,1520,1377,1
1119,821,915,3520,3
1699,466,1768,3796,3
1099,393,1096,1699,1
1576,400,631,336,0
950,774,843,1095,0
1081,284,519,325,0
606,465,1152,1223,0
502,705,1810,1649,1
957,38,1682,1898,1
1658,51,739,2609,2
1681,850,1005,2265,2
1983,349,676,2775,2
1753,387,1595,1445,1
1632,706,1623,2614,2
1949,951,1178,356,0
1696,179,772,523,0
688,426,1964,3745,3
1104,653,1413,1229,0
1122,1578,1963,1402,1
504,280,1795,2085,1
1154,251,1801,587,0
1727,1463,1992,2457,3
1674,1432,1649,2030,2
1948,477,571,816,0
1218,1122,1746,1667,1
531,145,1903,2958,2
1057,416,1055,3705,3
576,847,893,2800,2
1960,868,877,3773,3
673,594,1088,2050,1
718,518,830,1754,1
864,663,1805,1904,1
547,371,541,2705,1
623,1749,1781,3537,3
1793,586,722,1370,1
1720,409,646,1222,1
812,35,1309,3102,2
980,1008,1758,2268,2
643,442,1079,2648,1
1925,983,1087,2173,2
1408,875,982,3162,3
1522,952,1191,1368,1
587,244,1361,2746,2
1959,65,1055,619,0
1872,1749,1767,724,1
1043,716,1626,912,0
1809,433,1661,2784,3
1703,134,521,793,0
1095,179,1247,560,0
1414,804,1564,312,0
1659,787,1515,545,0
1540,704,822,1591,1
1342,991,1638,2746,3
1189,379,932,893,0
518,489,710,2514,1
1449,1518,1883,1032,1
516,855,1401,819,0
1569,1261,1383,3672,3
1312,115,1791,3833,3
1893,1203,1432,1482,2
1076,545,1300,2043,1
530,818,1090,1229,0
1044,42,1262,1816,1
1330,1103,1637,2166,2
1836,168,1068,2469,2
1741,719,755,2575,2
1869,163,874,1375,1
1331,1162,1531,1732,1
1655,626,1348,673,0
605,329,656,2301,1
1245,330,1434,2676,2
1709,956,1292,1781,2
846,1140,1983,2248,2
1403,217,1623,921,0
688,271,869,391,0
775,444,1555,1719,1
1154,1003,1827,3262,3
1375,227,772,1947,1
1827,253,1764,2693,3
1697,88,1046,441,0
741,334,594,1886,0
1672,1281,1896,1267,1
514,168,1320,687,0
1375,898,1687,2890,3
989,46,1069,1737,1
1510,118,1170,887,0
1266,1187,1595,398,0
1396,1191,1347,2389,2
808,526,1324,3431,3
1542,346,966,3601,3
745,89,1538,2459,1
1735,137,846,3230,3
586,1226,1389,3646,3
1341,473,574,2200,1
781,368,607,3862,3
501,239,1636,3077,2
1224,622,709,621,0
1970,654,882,2372,2
618,853,1781,2574,2
1537,686,1305,2857,3
1018,992,1433,3143,3
1545,115,1352,3197,3
1871,275,1966,2727,3
1729,461,1178,1519,1
680,1428,1500,2438,2
1106,614,1212,2674,2
635,193,989,2107,1
618,1105,1602,2262,2
1671,398,1263,815,0
1562,480,728,2829,2
1975,775,1607,3022,3
831,1482,1490,2573,2
1524,154,550,2678,2
1528,454,1762,1282,1
1447,737,1455,568,0
1344,419,556,2074,1
564,853,1737,2227,1
921,1211,1229,1080,0
1413,314,1606,2867,2
831,172,1239,1075,0
802,527,734,3063,2
1923,874,1264,2479,2
1193,674,864,2394,2
904,657,1014,2814,2
1285,475,500,2094,1
1635,1209,1411,2315,2
1923,15,525,2519,2
1851,293,1967,735,0
727,813,1377,1891,1
1396,173,1843,1386,1
877,457,652,3260,2
696,533,797,2022,1
1009,912,1043,1716,1
1526,798,1418,3317,3
987,412,565,1454,0
1414,130,887,2290,1
1732,201,656,3940,3
1587,299,874,461,0
1097,1277,1352,2219,2
504,626,1195,470,0
1159,378,751,2495,2
1910,333,639,2944,2
865,805,1804,2361,2
1930,1901,1920,1783,2
860,1573,1581,2832,2
1268,360,912,931,0
999,20,745,1344,0
622,98,511,3916,2
1250,703,1011,1882,1
763,273,1278,2865,2
1100,919,1344,757,0
815,982,1291,3469,3
618,879,896,2399,1
553,1287,1892,3300,3
673,1109,1247,2719,2
563,211,684,3012,2
1590,1058,1109,2836,3
1031,532,1247,2385,2
909,290,773,594,0
1880,890,1019,2968,3
1479,327,645,3762,3
1271,1260,1788,892,1
709,570,1422,467,0
1744,621,1558,345,0
1314,328,1858,3033,3
1136,1307,1767,2110,2
1039,497,618,3105,2
1300,219,1037,874,0
732,1163,1554,3681,3
511,24,759,3865,2
1092,468,571,737,0
921,1272,1469,3153,3
1030,503,551,2800,2
1130,1495,1579,315,0
1299,1333,1838,1412,1
1009,267,1841,2286,2
1735,149,876,2392,2
1129,1070,1079,1857,1
708,206,620,1419,0
894,158,747,3305,2
530,48,1012,959,0
1481,249,522,2635,2
1068,935,1499,1754,1
1487,140,768,2563,2
1524,184,740,1936,1
1093,238,807,1869,1
1816,800,1089,3637,3
627,211,507,896,0
989,670,804,2349,1
1895,725,1335,774,1
805,81,1544,3397,2
713,1211,1378,485,0
864,1362,1378,3964,3
1177,945,1923,1887,1
582,1043,1702,2977,2
1898,444,739,2114,2
1158,311,1796,1542,1
1451,812,1456,3038,3
1820,202,1884,2481,2
984,531,707,841,0
580,404,898,3565,2
1263,954,1609,1958,2
1237,274,603,2454,2
514,956,1723,3392,3
1515,1438,1593,262,0
721,1446,1988,530,0
603,692,1057,3703,3
1426,777,1032,2562,2
1820,1157,1951,574,1
1215,454,1473,2632,2
697,478,1477,259,0
717,217,1106,688,0
1348,468,741,2554,2
1164,1107,1656,3859,3
578,626,1134,2977,2
1971,485,922,571,0
1794,43,627,402,0
1558,322,1385,878,0
1597,880,1145,2130,2
1240,1511,1756,3260,3
1994,667,711,454,0
1221,765,1899,2638,2
989,614,679,2819,2
1180,925,1252,1464,1
718,1185,1387,1824,1
1670,1706,1886,876,1
534,347,1477,2706,2
1566,1603,1930,659,1
1935,806,860,455,0
504,1207,1539,2378,2
913,431,1144,2278,1
1317,179,613,3436,3
917,423,909,3424,3
712,1131,1743,401,0
1083,925,1469,681,0
1039,62,544,3212,2
1747,800,873,3105,3
1449,211,947,2036,1
1872,81,1389,3153,3
1796,667,798,1642,1
1097,405,519,509,0
1562,678,1676,3465,3
1433,1619,1651,3900,3
740,935,1147,1105,0
676,864,1011,2064,1
503,1495,1688,3117,3
1020,870,1613,1142,1
896,1379,1469,1060,1
1824,1055,1738,2381,2
1512,220,1838,3366,3
1053,419,1261,1339,0
1944,1111,1362,2560,3
1174,1097,1461,285,0
627,447,819,2476,1
1602,273,1062,1862,1
1733,590,997,3488,3
586,116,598,3178,2
1528,306,564,733,0
875,300,1316,756,0
1602,1259,1746,3622,3
1426,1573,1694,1277,1
1370,1392,1783,3703,3
609,113,1524,1905,1
840,526,1728,2636,2
991,1209,1678,2014,2
1724,655,828,3056,3
584,1123,1622,465,0
860,692,979,3869,3
1541,796,1052,1108,1
615,1021,1958,1906,1
912,995,1310,851,0
1278,1244,1504,3142,3
1365,293,970,1300,0
1702,1240,1931,1430,2
589,759,1858,362,0
1347,398,1528,2456,2
1644,358,791,2360,2
956,403,1614,3700,3
1089,211,1409,2620,2
871,194,1437,437,0
664,1076,1472,3774,3
1874,1238,1418,1218,1
1928,229,1004,696,0
888,327,1683,3407,3
1077,135,1892,3902,3
1023,5,1744,2086,1
1426,715,1163,1356,1
831,511,621,1704,0
1496,549,1383,3571,3
1433,420,784,2132,1
1095,838,1066,3209,3
643,314,1400,2096,1
1142,739,1766,1273,1
730,62,846,3623,2
1901,3,1662,368,0
1510,963,1520,854,1
1924,1438,1923,3646,3
1825,1621,1773,3130,3
1275,19,501,3784,3
987,887,1274,3885,3
1538,567,986,1494,1
1965,584,676,2973,3
808,496,974,1471,0
712,1245,1309,2001,1
1507,682,888,1486,1
912,724,794,1321,0
769,1384,1454,1877,1
948,257,1654,3499,3
507,17,1084,2124,1
1384,983,1210,1221,1
1766,439,1306,2316,2
1407,925,1206,1068,1
614,409,603,1930,1
1972,293,952,1316,1
1039,384,1878,1742,1
511,149,1285,3265,2
1811,447,568,2700,2
1159,717,1206,2115,2
1848,195,533,3915,3
1988,153,696,3144,3
1469,1699,1850,1571,2
1423,501,640,2253,1
1974,530,1496,1433,1
835,396,1378,2583,2
1429,670,1552,1817,1
947,193,887,2915,2
1446,351,1769,3340,3
1332,846,855,2790,2
1498,111,1167,577,0
1576,1213,1386,3220,3
1398,755,1284,3488,3
1885,1406,1517,1277,1
798,497,627,3593,2
1436,1826,1836,2736,3
1998,50,1356,2311,2
1321,817,941,1464,1
1021,901,1793,1355,1
1339,212,1269,2382,2
1210,329,1039,1886,1
1949,837,1182,832,1
882,248,884,751,0
1549,632,1162,436,0
1991,366,613,722,0
796,174,518,1075,0
1012,882,1195,2802,2
1318,688,1591,1780,1
1708,263,1345,1247,1
598,118,764,3066,2
541,1012,1226,403,0
818,586,1552,2518,2
1414,294,1233,1069,0
601,818,1827,2651,2
561,426,865,2974,2
1616,151,1133,657,0
1263,409,644,3372,3
1604,641,1156,1464,1
539,958,967,1326,0
1071,1328,1970,3393,3
826,354,530,323,0
771,1709,1781,1628,1
1811,1099,1553,2610,3
1842,783,1227,3721,3
1420,194,1393,763,0
1763,238,1893,792,0
1163,919,1076,1568,1
1805,758,891,1276,1
610,1039,1273,3472,3
1533,1054,1393,2520,2
1924,122,686,3423,3
1801,100,1708,258,0
1726,1221,1804,1868,2
794,312,1376,2171,1
1686,599,1073,780,0
1444,1274,1340,712,0
1004,62,581,1012,0
1242,315,1796,318,0
539,1123,1709,3948,3
717,1878,1981,629,0
1540,318,831,1161,0
672,574,1267,1403,0
1325,1353,1915,3707,3
950,86,1681,1305,0
948,340,1728,2926,2
1328,602,1156,2674,2
1447,963,1062,471,0
1973,127,507,1724,1
1731,142,1039,1220,1
1617,274,1079,2754,2
1791,371,682,594,0
851,788,1007,1005,0
856,395,1027,2439,1
714,643,1527,2302,1
951,854,935,1083,0
1303,1335,1873,2219,2
1550,1541,1619,1571,2
1759,382,1163,2107,2
1448,846,1144,593,0
1987,960,1925,857,1
908,154,941,3518,3
820,468,694,1284,0
904,1094,1496,545,0
667,272,870,3566,2
1109,165,1103,2821,2
1333,394,1301,3442,3
1352,629,1299,1309,1
1600,831,1713,1179,1
1454,903,910,1713,1
1489,923,1759,1663,1
1823,362,1250,1812,2
1581,693,850,1384,1
1672,1250,1435,1348,1
1283,1135,1923,3957,3
630,66,1448,1212,0
659,924,1877,3925,3
1811,204,1132,348,0
688,376,1957,1382,1
514,1083,1492,980,0
1933,229,1473,838,0
915,875,1316,378,0
1006,35,991,909,0
1134,18,903,3632,3
599,103,646,3396,2
973,105,588,1861,1
1180,168,540,348,0
1237,18,1004,2528,2
659,659,730,2190,1
1142,534,855,663,0
1002,285,512,961,0
1392,482,1098,1280,1
602,1571,1717,2189,2
1249,605,1193,531,0
531,158,1657,2331,1
1450,1573,1639,794,1
1342,127,620,2644,2
832,343,1431,1666,1
867,289,724,2157,1
1404,1703,1880,1196,1
840,1482,1591,2072,2
1368,907,925,1590,1
1927,491,1506,2916,3
1714,287,627,3707,3
1201,1151,1723,726,0
1796,1024,1363,3577,3
1147,1085,1134,2627,2
776,991,1803,685,0
510,1052,1897,1693,1
1045,1078,1564,2137,2
1497,98,977,3696,3
1425,396,1648,3771,3
726,323,978,1342,0
1576,410,1551,1379,1
714,1750,1857,1164,1
1595,1475,1988,908,1
541,1836,1873,1019,1
1617,283,676,3685,3
1154,539,1240,1470,1
1638,440,563,2299,2
1150,397,800,999,0
1254,204,1021,3011,2
1806,347,727,3142,3
603,1003,1284,1543,1
1834,0,1987,3692,3
520,264,519,2753,1
565,543,703,2156,1
1689,467,675,2637,2
742,875,925,331,0
1143,1116,1724,1214,1
761,1325,1945,2248,2
959,1313,1331,3073,3
772,552,1802,422,0
1015,335,679,2293,1
1824,50,1105,3958,3
1130,593,1327,432,0
1183,268,1010,1152,0
574,382,1364,1303,0
1472,443,892,797,0
1868,576,884,298,0
1375,596,679,3847,3
881,115,636,2110,1
1742,356,1407,1921,2
1225,10,1567,2423,2
1970,1399,1684,1658,2
1186,68,584,2361,1
1762,643,790,1380,1
1731,809,1988,3892,3
852,683,1349,315,0
848,56,527,2289,1
1575,492,818,2182,2
1554,699,1492,2184,2
1972,290,804,2872,3
827,23,826,2367,1
1063,394,849,1919,1
1695,713,1742,3296,3
1343,1063,1205,462,0
834,1421,1463,1591,1
595,623,816,1593,0
1081,83,816,2456,1
911,1563,1692,2933,3
844,777,1995,3154,3
1335,83,559,3615,3
1883,203,915,3563,3
1128,938,1226,1440,1
826,1077,1183,1907,1
1650,773,881,324,0
1162,332,866,1404,1
1517,570,1645,2738,2
963,742,821,2722,2
1837,1420,1539,2294,3
1028,1801,1923,1424,1
1831,1693,1790,1133,1
571,31,1536,555,0
1770,1098,1373,3785,3
970,1765,1786,3675,3
642,887,1775,435,0
622,760,1964,3183,2
600,486,1032,3495,2
1412,2,660,1853,1
733,202,1787,2648,2
1070,90,1614,2647,2
875,469,853,702,0
1994,86,1546,1836,2
823,1180,1350,3894,3
1908,140,1046,2944,3
790,1100,1437,3424,3
1330,194,892,2678,2
1660,440,569,2424,2
1776,1563,1803,2671,3
1611,163,1011,3078,2
1410,192,1311,2304,2
1772,837,1405,1146,1
1280,356,588,2335,1
1712,155,663,1422,1
1562,1032,1776,2096,2
891,40,1435,1303,0
1957,1194,1727,1115,1
1110,1179,1262,456,0
875,902,969,3396,3
1211,58,963,2750,2
769,1385,1780,941,0
671,614,1617,2278,2
1872,672,1088,2273,2
1076,1088,1718,2355,2
1325,499,695,2328,2
911,157,763,2638,1
1273,485,1399,558,0
1062,571,817,1345,0
1317,431,542,425,0
940,499,1090,2192,1
729,563,1055,3397,2
1494,944,1003,1208,1
1546,1138,1491,267,0
1253,161,647,3518,3
895,126,1575,3122,2
793,15,1196,1050,0
1628,500,1713,3358,3
625,203,1771,2929,2
1110,961,1950,624,0
999,608,1970,1598,1
1856,277,1155,2052,2
1715,114,1849,1249,1
1897,630,738,412,0
1202,404,1742,595,0
1171,248,755,263,0
964,225,1234,2577,2
1973,699,851,639,0
1992,649,895,3206,3
546,416,1658,1550,1
1093,1310,1420,1646,1
1880,930,1983,1930,2
1765,835,1175,3695,3
1640,664,1806,3235,3
1830,460,1583,2334,2
826,778,1615,1998,1
1864,225,1545,2258,2
586,785,1118,1869,1
1206,1581,1713,1825,2
832,9,1944,3946,3
848,7,1294,436,0
1851,174,1175,2678,2
1166,437,638,3887,3
1776,278,623,1813,1
1254,1288,1372,817,0
1494,979,1190,3614,3
984,56,1931,2013,1
1179,913,1429,543,0
513,282,710,3400,2
557,322,710,2623,1
744,1252,1963,2700,2
1129,1128,1702,1400,1
1148,606,688,3127,2
1793,655,1459,2803,3
1310,954,970,2518,2
1604,68,1042,3564,3
1676,134,1197,2515,2
1001,922,1836,3654,3
1086,1874,1976,3930,3
1986,251,599,3476,3
634,1362,1853,3242,3
502,281,1159,2666,2
1641,224,1994,1695,2
623,778,844,3510,2
962,546,1424,3438,3
1057,397,891,2033,1
1862,386,1046,1017,1
555,214,1970,1686,1
1000,461,833,862,0
841,125,675,957,0
865,335,1009,3494,3
999,342,1641,3083,2
1232,625,761,1656,1
1194,494,509,313,0
612,1145,1487,3282,3
1362,600,1042,3629,3
1469,484,711,1687,1
986,199,679,1149,0
1843,21,832,3899,3
1561,885,1811,1783,2
1695,308,1208,1629,1
667,1015,1947,2528,2
1768,1303,1814,3256,3
1269,406,1036,2341,2
1109,124,833,2785,2
936,150,1677,3761,3
1713,108,1963,1513,1
1175,90,557,2240,1
1940,588,1809,820,1
855,1028,1196,1875,1
771,776,1247,920,0
645,278,584,3615,2
1307,897,1103,1412,1
1948,651,700,361,0
1509,1010,1684,1540,1
626,737,1759,1077,0
1190,1399,1646,3610,3
1727,376,1288,512,0
1670,1117,1330,3024,3
1150,234,1947,1610,1
1208,691,1028,2201,1
1812,380,1550,3338,3
770,603,1483,3473,3
1559,117,681,2203,1
1902,766,877,940,1
1751,1499,1952,1155,1
1416,1175,1578,3872,3
1288,988,1503,1882,2
1003,190,1905,1798,1
1715,674,1375,2598,3
1967,518,1374,1567,1
962,1618,1916,1491,1
1487,857,989,2003,2
1569,371,665,3905,3
1146,73,583,291,0
1379,98,755,1693,1
1504,395,1853,1788,1
1945,1064,1540,3322,3
1630,712,1726,1751,2
1125,774,939,1641,1
614,1012,1040,2854,2
854,730,1148,3115,2
1470,777,1090,3259,3
1826,973,1633,1612,2
807,245,829,2319,1
1996,937,1083,1258,1
1083,937,1164,1543,1
1035,574,1171,3991,3
1521,678,1630,3555,3
1314,82,512,3411,3
535,398,1775,524,0
673,1096,1570,3541,3
1219,1419,1698,1998,2
1606,157,770,3437,3
1603,430,1207,1637,1
1958,1524,1848,3064,3
695,1649,1829,2855,2
1441,254,954,1393,1
1470,1790,1988,1633,2
1890,1438,1832,2392,3
1152,1304,1673,3284,3
1619,813,1180,464,0
1002,948,1007,1234,0
742,1161,1288,292,0
1306,867,1258,2521,2
1424,181,1199,2658,2
942,754,1532,587,0
1934,242,1127,2190,2
1290,405,742,879,0
930,1569,1763,1743,2
1699,105,1099,1181,1
1849,978,1986,3330,3
1922,725,1882,3564,3
548,657,1657,562,0
916,1147,1393,1659,1
1783,910,1566,1816,2
1083,295,503,1338,0
1698,26,508,2992,2
1969,332,764,315,0
869,519,533,3249,2
1337,161,1029,3242,2
637,1080,1289,2725,2
833,649,1290,586,0
1248,71,1686,2454,2
1174,744,1244,804,0
1831,437,1113,2460,2
1002,115,1111,1295,0
1010,547,957,2625,2
1117,495,1035,1999,1
990,1466,1717,2698,2
1564,117,1115,3742,3
1065,760,1722,1193,1
1982,764,1873,3511,3
1607,776,1005,885,0
1066,53,1504,1044,0
681,371,1702,2548,2
1163,728,818,2940,2
1285,1791,1896,3966,3
753,606,1316,3484,3
1779,1225,1717,1246,1
987,419,736,2757,2
511,367,1264,2378,1
1044,1230,1263,1794,1
1855,267,1161,3933,3
946,273,891,1637,0
657,705,1905,783,0
1673,214,679,3094,2
731,424,1032,1774,1
926,84,793,256,0
1261,605,1429,1365,1
618,1175,1586,2339,2
936,657,938,2049,1
1485,371,1023,3241,3
1339,833,1441,867,0
508,102,1195,2175,1
1938,1299,1935,3497,3
995,258,1889,609,0
1086,56,1150,3285,2
1322,443,708,3684,3
1864,1279,1793,3586,3
1944,313,712,2322,2
581,523,565,354,0
1020,919,1482,3204,3
1936,570,1021,1400,1
1329,380,682,2308,1
808,119,529,1082,0
994,296,839,3104,2
1811,358,614,2847,2
765,1364,1851,2256,2
993,424,1639,1113,0
1136,961,1030,3210,3
719,431,1727,3990,3
733,950,1739,984,0
1946,647,1849,3117,3
1230,1960,1963,1622,2
1577,116,1432,2967,3
1514,306,538,1037,0
579,808,1517,2908,2
574,94,1334,1167,0
1072,380,877,2715,2
843,593,732,1734,1
1492,1684,1746,2259,3
1807,1221,1415,2921,3
909,410,1643,1244,0
1876,600,1211,3132,3
1436,189,1411,2488,2
1251,308,591,1052,0
636,148,742,2927,2
1354,297,918,2090,1
930,1050,1726,2131,2
1830,1191,1882,3362,3
1424,1399,1663,1053,1
583,1658,1794,1799,1
648,1153,1817,3124,3
1203,35,510,1672,0
1777,553,874,1552,1
1299,46,908,1938,1
1494,207,1177,3202,3
527,67,1924,1302,0
793,818,1006,2296,1
873,1257,1411,575,0
722,138,1371,2359,1
1250,11,1020,3314,2
